-- MySQL dump 10.13  Distrib 8.1.0, for macos13.3 (arm64)
--
-- Host: localhost    Database: geolocation
-- ------------------------------------------------------
-- Server version	8.1.0

/*!40101 SET @OLD_CHARACTER_SET_CLIENT=@@CHARACTER_SET_CLIENT */;
/*!40101 SET @OLD_CHARACTER_SET_RESULTS=@@CHARACTER_SET_RESULTS */;
/*!40101 SET @OLD_COLLATION_CONNECTION=@@COLLATION_CONNECTION */;
/*!50503 SET NAMES utf8mb4 */;
/*!40103 SET @OLD_TIME_ZONE=@@TIME_ZONE */;
/*!40103 SET TIME_ZONE='+00:00' */;
/*!40014 SET @OLD_UNIQUE_CHECKS=@@UNIQUE_CHECKS, UNIQUE_CHECKS=0 */;
/*!40014 SET @OLD_FOREIGN_KEY_CHECKS=@@FOREIGN_KEY_CHECKS, FOREIGN_KEY_CHECKS=0 */;
/*!40101 SET @OLD_SQL_MODE=@@SQL_MODE, SQL_MODE='NO_AUTO_VALUE_ON_ZERO' */;
/*!40111 SET @OLD_SQL_NOTES=@@SQL_NOTES, SQL_NOTES=0 */;

--
-- Table structure for table `desa`
--

DROP TABLE IF EXISTS `desa`;
/*!40101 SET @saved_cs_client     = @@character_set_client */;
/*!50503 SET character_set_client = utf8mb4 */;
CREATE TABLE `desa` (
  `id` bigint NOT NULL AUTO_INCREMENT,
  `district_id` int DEFAULT NULL,
  `name` varchar(255) DEFAULT NULL,
  `target` int DEFAULT NULL,
  PRIMARY KEY (`id`)
) ENGINE=InnoDB AUTO_INCREMENT=6474031004 DEFAULT CHARSET=utf8mb4 COLLATE=utf8mb4_0900_ai_ci;
/*!40101 SET character_set_client = @saved_cs_client */;

--
-- Dumping data for table `desa`
--

LOCK TABLES `desa` WRITE;
/*!40000 ALTER TABLE `desa` DISABLE KEYS */;
INSERT INTO `desa` VALUES (6401012009,640101,'SAMURANGAU',0),(6401012010,640101,'BUSUI',0),(6401012011,640101,'BATU KAJANG',0),(6401012012,640101,'LEGAI',0),(6401012013,640101,'SUNGAI TERIK',0),(6401012014,640101,'KASUNGAI',0),(6401012015,640101,'RANTAU BUTA',0),(6401012016,640101,'RANTAU LAYUNG',0),(6401012017,640101,'SONGKA',0),(6401022004,640102,'KELADEN',0),(6401022006,640102,'TANJUNG ARU',0),(6401022007,640102,'LABUANGKALLO',0),(6401022012,640102,'LORI',0),(6401022013,640102,'SELENGOT',0),(6401022014,640102,'RANDOM',0),(6401022015,640102,'SENIPAH',0),(6401032001,640103,'LEMPESU',0),(6401032002,640103,'BEKOSO',0),(6401032003,640103,'DAMIT',0),(6401032004,640103,'SUATANG',0),(6401032005,640103,'SULILIRAN',0),(6401032006,640103,'PASIR BELENGKONG',0),(6401032007,640103,'SANGKURIMAN',0),(6401032008,640103,'LABURAN',0),(6401032009,640103,'SULILIRAN BARU',0),(6401032010,640103,'KERESIK BURA',0),(6401032011,640103,'LABURAN BARU',0),(6401032012,640103,'SENIUNG JAYA',0),(6401032013,640103,'SUNGE BATU',0),(6401032014,640103,'OLONG PINANG',0),(6401032015,640103,'SUATANG KETEBAN',0),(6401041001,640104,'TANAH GROGOT',0),(6401042002,640104,'JANJU',0),(6401042003,640104,'TEPIAN BATANG',0),(6401042004,640104,'TANAH PERIUK',0),(6401042005,640104,'PEPARA',0),(6401042006,640104,'SUNGAI TUAK',0),(6401042007,640104,'SEMPULANG',0),(6401042008,640104,'JONE',0),(6401042009,640104,'RANTAU PANJANG',0),(6401042010,640104,'MUARA PASIR',0),(6401042011,640104,'PADANG PENGRAPAT',0),(6401042012,640104,'PEREPAT',0),(6401042013,640104,'PULAU RANTAU',0),(6401042014,640104,'SUNGAI LANGIR',0),(6401042015,640104,'TAPIS',0),(6401042016,640104,'SENAKEN',0),(6401051001,640105,'KUARO',0),(6401052002,640105,'LOLO',0),(6401052003,640105,'SANDELEY',0),(6401052004,640105,'HARAPAN BARU',0),(6401052005,640105,'RANGAN',0),(6401052006,640105,'MODANG',0),(6401052007,640105,'PASIR MAYANG',0),(6401052008,640105,'KERTA BUMI',0),(6401052009,640105,'PONDONG BARU',0),(6401052010,640105,'PADANG JAYA',0),(6401052011,640105,'KENDAROM',0),(6401052012,640105,'KLEMPANG SARI',0),(6401052013,640105,'KELUANG PASER JAYA',0),(6401061001,640106,'LONG IKIS',0),(6401062002,640106,'MUARA ADANG',0),(6401062003,640106,'TELUK WARU',0),(6401062004,640106,'TAJUR',0),(6401062005,640106,'SEMUNTAI',0),(6401062006,640106,'LOMBOK',0),(6401062007,640106,'PAIT',0),(6401062008,640106,'OLUNG',0),(6401062009,640106,'KAYUNGO',0),(6401062010,640106,'JEMPARING',0),(6401062011,640106,'TIWEI',0),(6401062012,640106,'BELIMBING',0),(6401062013,640106,'LONG GELANG',0),(6401062014,640106,'KRAYAN JAYA',0),(6401062015,640106,'BUKIT SALOKA',0),(6401062016,640106,'KRAYAN SENTOSA',0),(6401062017,640106,'KRAYAN MAKMUR',0),(6401062018,640106,'KAYUNGO SARI',0),(6401062019,640106,'KRAYAN BAHAGIA',0),(6401062020,640106,'SAWIT JAYA',0),(6401062021,640106,'SEKUROU JAYA',0),(6401062022,640106,'KERTA BHAKTI',0),(6401062023,640106,'ADANG JAYA',0),(6401062024,640106,'TAJER MULYA',0),(6401062025,640106,'BREWE',0),(6401062026,640106,'ATANG PAIT',0),(6401071001,640107,'MUARA KOMAM',0),(6401072002,640107,'BATU BOTUK',0),(6401072003,640107,'UKO',0),(6401072004,640107,'MUARA LANGON',0),(6401072005,640107,'BINANGON',0),(6401072006,640107,'MUARA KUARO',0),(6401072007,640107,'PRAYON',0),(6401072008,640107,'LONG SAYO',0),(6401072009,640107,'MUARA PAYANG',0),(6401072010,640107,'LUSAN',0),(6401072011,640107,'SWAN SLUTUNG',0),(6401072012,640107,'SEKUAN MAKMUR',0),(6401072013,640107,'SELERONG',0),(6401081001,640108,'LONG KALI',0),(6401082002,640108,'MUARA TELAKE',0),(6401082003,640108,'SEBAKUNG',0),(6401082004,640108,'BENTE TUALAN',0),(6401082005,640108,'MENDIK',0),(6401082006,640108,'MUNGGU',0),(6401082007,640108,'MUARA PIAS',0),(6401082008,640108,'MUARA TOYU',0),(6401082009,640108,'PERKUWEN',0),(6401082010,640108,'PINANG JATUS',0),(6401082011,640108,'MUARA LAMBAKAN',0),(6401082012,640108,'KEPALA TELAKE',0),(6401082013,640108,'MENDIK MAKMUR',0),(6401082014,640108,'MENDIK KARYA',0),(6401082015,640108,'MENDIK BHAKTI',0),(6401082016,640108,'SEBAKUNG TAKA',0),(6401082017,640108,'MARUAT',0),(6401082018,640108,'SEBAKUNG MAKMUR',0),(6401082019,640108,'PETIKU',0),(6401082020,640108,'MUARA ADANG II',0),(6401082021,640108,'MAKMUR JAYA',0),(6401082022,640108,'GUNUNG PUTAR',0),(6401082023,640108,'PUTANG',0),(6401092001,640109,'KERANG',0),(6401092002,640109,'LOMU',0),(6401092003,640109,'SEGENDANG',0),(6401092004,640109,'MENGKUDU',0),(6401092005,640109,'RIWANG',0),(6401092006,640109,'LANGGAI',0),(6401092007,640109,'PETANGIS',0),(6401092008,640109,'TEMPAKAN',0),(6401092009,640109,'KERANG DAYO',0),(6401092010,640109,'SAING PRUPUK',0),(6401092011,640109,'BAI JAYA',0),(6401092012,640109,'PENGGUREN JAYA',0),(6401092013,640109,'TEBRU PASER DAMAI',0),(6401102001,640110,'TANJUNG PINANG',0),(6401102002,640110,'RANTAU ATAS',0),(6401102003,640110,'LIBUR DINDING',0),(6401102004,640110,'LUAN',0),(6401102005,640110,'SUWETO',0),(6401102006,640110,'MUSER',0),(6401102007,640110,'BIU',0),(6401102008,640110,'RANTAU BINTUNGAN',0),(6401102009,640110,'MUARA ANDEH',0),(6402012001,640201,'PERIAN',0),(6402012002,640201,'MUARA LEKA',0),(6402012003,640201,'MUARA ALOH',0),(6402012004,640201,'JANTUR',0),(6402012005,640201,'BATUQ',0),(6402012006,640201,'REBAQ RINDING',0),(6402012007,640201,'MUARA MUNTAI ULU',0),(6402012008,640201,'MUARA MUNTAI ILIR',0),(6402012009,640201,'KAYU BATU',0),(6402012010,640201,'JANTUR SELATAN',0),(6402012011,640201,'TANJUNG BATUQ HARAPAN',0),(6402012012,640201,'PULAU HARAPAN',0),(6402012013,640201,'JANTUR BARU',0),(6402022001,640202,'JONGGON DESA',0),(6402022002,640202,'SUNGAI PAYANG',0),(6402022003,640202,'JEMBAYAN',0),(6402022004,640202,'LOA KULU KOTA',0),(6402022005,640202,'LOH SUMBER',0),(6402022006,640202,'PONORAGAN',0),(6402022007,640202,'REMPANGA',0),(6402022008,640202,'MARGAHAYU',0),(6402022009,640202,'JONGGON JAYA',0),(6402022010,640202,'LUNG ANAI',0),(6402022011,640202,'JEMBAYAN TENGAH',0),(6402022012,640202,'JEMBAYAN DALAM',0),(6402022013,640202,'SEPAKAT',0),(6402022014,640202,'SUMBER SARI',0),(6402022015,640202,'JONGKANG',0),(6402032001,640203,'BAKUNGAN',0),(6402032002,640203,'LOA DURI ULU',0),(6402032003,640203,'LOA JANAN ULU',0),(6402032004,640203,'PURWAJAYA',0),(6402032005,640203,'TANI BHAKTI',0),(6402032006,640203,'BATUAH',0),(6402032007,640203,'LOA DURI ILIR',0),(6402032008,640203,'TANI HARAPAN',0),(6402042001,640204,'SEPATIN',0),(6402042002,640204,'MUARA PANTUAN',0),(6402042003,640204,'TANI BARU',0),(6402042004,640204,'KUTAI LAMA',0),(6402042005,640204,'ANGGANA',0),(6402042006,640204,'SUNGAI MERIAM',0),(6402042007,640204,'SIDOMULYO',0),(6402042008,640204,'HANDIL TERUSAN',0),(6402052001,640205,'SALIKI',0),(6402052002,640205,'SALOK PALAI',0),(6402052003,640205,'MUARA BADAK ULU',0),(6402052004,640205,'MUARA BADAK ILIR',0),(6402052005,640205,'TANJUNG LIMAU',0),(6402052006,640205,'TANAH DATAR',0),(6402052007,640205,'BADAK BARU',0),(6402052008,640205,'SUKA DAMAI',0),(6402052009,640205,'BADAK MEKAR',0),(6402052010,640205,'GAS ALAM BADAK I',0),(6402052011,640205,'BATU-BATU',0),(6402052012,640205,'SALLO CELA',0),(6402052013,640205,'SUNGAI BAWANG',0),(6402061001,640206,'JAHAB',0),(6402061002,640206,'LOA IPUH',0),(6402061003,640206,'BUKIT BIRU',0),(6402061004,640206,'TIMBAU',0),(6402061005,640206,'MELAYU',0),(6402061006,640206,'PANJI',0),(6402061007,640206,'SUKARAME',0),(6402061008,640206,'KAMPUNG BARU',0),(6402061009,640206,'LOA TEBU',0),(6402061010,640206,'MANGKURAWANG',0),(6402061011,640206,'MALUHU',0),(6402061013,640206,'LOA IPUH DARAT',0),(6402062012,640206,'RAPAK LAMBUR',0),(6402062014,640206,'BENDANG RAYA',0),(6402072001,640207,'SELERONG',0),(6402072002,640207,'TANJUNG HARAPAN',0),(6402072003,640207,'BELORO',0),(6402072004,640207,'SEBULU ULU',0),(6402072005,640207,'SEBULU ILIR',0),(6402072006,640207,'SEGIHAN',0),(6402072007,640207,'SUMBER SARI',0),(6402072008,640207,'MANUNGGAL DAYA',0),(6402072009,640207,'GIRI AGUNG',0),(6402072010,640207,'SENONI',0),(6402072011,640207,'SEBULU MODEREN',0),(6402072012,640207,'SANGGULAN',0),(6402072013,640207,'LEKAQ KIDAU',0),(6402072014,640207,'MEKAR JAYA',0),(6402082004,640208,'LOLENG',0),(6402082005,640208,'KOTA BANGUN ULU',0),(6402082006,640208,'KOTA BANGUN ILIR',0),(6402082007,640208,'LIANG',0),(6402082008,640208,'MUHURAN',0),(6402082009,640208,'PELA',0),(6402082017,640208,'KEDANG MURUNG',0),(6402082018,640208,'KOTA BANGUN SEBERANG',0),(6402082019,640208,'LIANG ULU',0),(6402082020,640208,'SEBELIMBINGAN',0),(6402082021,640208,'SANGKULIMAN',0),(6402092001,640209,'LAMIN TELIHAN',0),(6402092002,640209,'LAMIN PULUT',0),(6402092003,640209,'TELUK BINGKAI',0),(6402092004,640209,'KAHALA',0),(6402092005,640209,'TUBUHAN',0),(6402092006,640209,'SEMAYANG',0),(6402092007,640209,'TELUK MUDA',0),(6402092008,640209,'TUANA TUHA',0),(6402092009,640209,'KAHALA ILIR',0),(6402102001,640210,'GENTING TANAH',0),(6402102002,640210,'LOA SAKOH',0),(6402102003,640210,'HAMBAU',0),(6402102004,640210,'KEMBANG JANGGUT',0),(6402102005,640210,'KELEKAT',0),(6402102006,640210,'PULAU PINANG',0),(6402102007,640210,'LONG BELEH HALOQ',0),(6402102008,640210,'LONG BELEH MODANG',0),(6402102009,640210,'MUAI',0),(6402102010,640210,'PERDANA',0),(6402102011,640210,'BUKIT LAYANG',0),(6402112001,640211,'MUARA KAMAN ILIR',0),(6402112002,640211,'RANTAU HEMPANG',0),(6402112003,640211,'TERATAK',0),(6402112004,640211,'BENUA PUHUN',0),(6402112005,640211,'MUARA KAMAN ULU',0),(6402112006,640211,'SABINTULUNG',0),(6402112007,640211,'MUARA SIRAN',0),(6402112008,640211,'TUNJUNGAN',0),(6402112009,640211,'SEDULANG',0),(6402112010,640211,'MENAMANG KIRI',0),(6402112011,640211,'MENAMANG KANAN',0),(6402112012,640211,'SIDOMUKTI',0),(6402112013,640211,'PANCA JAYA',0),(6402112014,640211,'BUNGA JADI',0),(6402112015,640211,'KUPANG BARU',0),(6402112016,640211,'LEBAHO ULAQ',0),(6402112017,640211,'BUKIT JERING',0),(6402112018,640211,'LIANG BUAYA',0),(6402112019,640211,'PUAN CEPAK',0),(6402112020,640211,'CIPARI MAKMUR',0),(6402122001,640212,'GUNUNG SARI',0),(6402122002,640212,'LONG LALANG',0),(6402122003,640212,'MUARA RITAN',0),(6402122004,640212,'BULUK SEN',0),(6402122005,640212,'UMAQ DIAN',0),(6402122006,640212,'MUARA PEDOHON',0),(6402122007,640212,'BILA TALANG',0),(6402122008,640212,'KAMPUNG BARU',0),(6402122009,640212,'UMAQ TUKUNG',0),(6402122010,640212,'SIDOMULYO',0),(6402122011,640212,'UMAQ BEKUAY',0),(6402122012,640212,'TABANG LAMA',0),(6402122013,640212,'MUARA TIQ',0),(6402122014,640212,'MUARA SALUNG',0),(6402122015,640212,'MUARA KEBAQ',0),(6402122016,640212,'MUARA BELINAU',0),(6402122017,640212,'MUARA TUBO',0),(6402122018,640212,'RITAN BARU',0),(6402122019,640212,'TUKUNG RITAN',0),(6402131007,640213,'SUNGAI SELUANG',0),(6402131008,640213,'WONOTIRTO',0),(6402131009,640213,'TANJUNG HARAPAN',0),(6402131010,640213,'SAMBOJA KUALA',0),(6402131011,640213,'SANIPAH',0),(6402131012,640213,'HANDIL BARU',0),(6402131013,640213,'MUARA SEMBILANG',0),(6402131021,640213,'TELUK PEMEDAS',0),(6402131022,640213,'KAMPUNG LAMA',0),(6402131023,640213,'HANDIL BARU DARAT',0),(6402132014,640213,'KARYA JAYA',0),(6402132016,640213,'BUKIT RAYA',0),(6402132019,640213,'BERINGIN AGUNG',0),(6402141001,640214,'MUARA JAWA ILIR',0),(6402141002,640214,'MUARA JAWA TENGAH',0),(6402141003,640214,'MUARA JAWA ULU',0),(6402141004,640214,'TELUK DALAM',0),(6402141005,640214,'DONDANG',0),(6402141006,640214,'TAMA POLE',0),(6402141007,640214,'MUARA KEMBANG',0),(6402141008,640214,'MUARA JAWA',0),(6402151001,640215,'JAWA',0),(6402151002,640215,'PENDINGIN',0),(6402151003,640215,'SANGA-SANGA DALAM',0),(6402151004,640215,'SARI JAYA',0),(6402151005,640215,'SANGA-SANGA MUARA',0),(6402162001,640216,'MANUNGGAL JAYA',0),(6402162002,640216,'BUKIT RAYA',0),(6402162003,640216,'EMBALUT',0),(6402162004,640216,'BANGUN REJO',0),(6402162005,640216,'KERTA BUANA',0),(6402162006,640216,'SEPARI',0),(6402162007,640216,'BUKIT PARIAMAN',0),(6402162008,640216,'BHUANA JAYA',0),(6402162009,640216,'MULAWARMAN',0),(6402162010,640216,'LOA ULUNG',0),(6402162011,640216,'LOA RAYA',0),(6402162012,640216,'PERJIWA',0),(6402162013,640216,'TELUK DALAM',0),(6402162014,640216,'LOA LEPU',0),(6402162015,640216,'SUKA MAJU',0),(6402162016,640216,'LOA PARI',0),(6402162017,640216,'KARANG TUNGGAL',0),(6402162018,640216,'TANJUNG BATU',0),(6402172001,640217,'SEBUNTAL',0),(6402172002,640217,'SANTAN ULU',0),(6402172003,640217,'SANTAN TENGAH',0),(6402172004,640217,'SANTAN ILIR',0),(6402172005,640217,'KERSIK',0),(6402172006,640217,'BUNGA PUTIH',0),(6402172007,640217,'MAKARTI',0),(6402172008,640217,'PRANGAT SELATAN',0),(6402172009,640217,'PRANGAT BARU',0),(6402172010,640217,'SEMANGKO',0),(6402172011,640217,'SAMBERA BARU',0),(6402182001,640218,'MUARA WIS',0),(6402182002,640218,'SEBEMBAN',0),(6402182003,640218,'MELINTANG',0),(6402182004,640218,'ENGGELAM',0),(6402182005,640218,'LEBAK MANTAN',0),(6402182006,640218,'LEBAK CILONG',0),(6402182007,640218,'MUARA ENGGELAM',0),(6402192001,640219,'KEDANG IPIL',0),(6402192002,640219,'SEDULANG',0),(6402192003,640219,'BENUA BARU',0),(6402192004,640219,'KOTA BANGUN I',0),(6402192005,640219,'KOTA BANGUN II',0),(6402192006,640219,'KOTA BANGUN III',0),(6402192007,640219,'SUMBER SARI',0),(6402192008,640219,'SARI NADI',0),(6402192009,640219,'SUKA BUMI',0),(6402192010,640219,'WONOSARI',0),(6402201001,640220,'BUKIT MERDEKA',0),(6402201002,640220,'SUNGAI MERDEKA',0),(6402201003,640220,'KARYA MERDEKA',0),(6402201005,640220,'AMBORAWANG DARAT',0),(6402201006,640220,'ARGO SARI',0),(6402201007,640220,'SALOK API DARAT',0),(6402201008,640220,'SALOK API LAUT',0),(6402201009,640220,'AMBORAWANG LAUT',0),(6402201010,640220,'MARGOMULYO',0),(6402202004,640220,'TANI BHAKTI',0),(6403012001,640301,'MERABU',0),(6403012002,640301,'PANAAN',0),(6403012003,640301,'MERAPUN',0),(6403012004,640301,'MUARA LESAN',0),(6403012005,640301,'MERASA',0),(6403012006,640301,'LESAN DAYAK',0),(6403012007,640301,'LONG BELIU',0),(6403012008,640301,'LONG DUHUNG',0),(6403012009,640301,'LONG LAMCIN',0),(6403012010,640301,'LONG KELUH',0),(6403012011,640301,'LONG PELAY',0),(6403012012,640301,'MAPULU',0),(6403012013,640301,'LONG SULUI',0),(6403012014,640301,'SIDO BANGEN',0),(6403022002,640302,'DUMARING',0),(6403022003,640302,'TALISAYAN',0),(6403022014,640302,'CAMPUR SARI',0),(6403022015,640302,'BUMI JAYA',0),(6403022016,640302,'TUNGGAL BUMI',0),(6403022017,640302,'SUMBER MULYA',0),(6403022018,640302,'SUKA MURYA',0),(6403022019,640302,'PURNA SARI JAYA',0),(6403022021,640302,'EKA SAPTA',0),(6403022023,640302,'CAPUAK',0),(6403031013,640303,'SAMBALIUNG',0),(6403032001,640303,'LONG LANUK',0),(6403032002,640303,'TUMBIT DAYAK',0),(6403032004,640303,'INARAN',0),(6403032005,640303,'PEGAT BUKUR',0),(6403032006,640303,'RANTAU PANJANG',0),(6403032007,640303,'SUARAN',0),(6403032008,640303,'PILANJAU',0),(6403032009,640303,'PESAYAN',0),(6403032010,640303,'SEI BEBANIR BANGUN',0),(6403032011,640303,'GURIMBANG',0),(6403032012,640303,'SUKAN TENGAH',0),(6403032014,640303,'TANJUNG PERANGAT',0),(6403032015,640303,'BENA BARU',0),(6403042001,640304,'LONG LA\'AI',0),(6403042002,640304,'PUNAN SEGAH',0),(6403042003,640304,'LONG AYAP',0),(6403042004,640304,'LONG AYAN',0),(6403042005,640304,'PUNAN MALINAU',0),(6403042006,640304,'PUNAN MAHKAM',0),(6403042007,640304,'GUNUNG SARI',0),(6403042008,640304,'PANDAN SARI',0),(6403042009,640304,'BUKIT MAKMUR',0),(6403042010,640304,'HARAPAN JAYA',0),(6403042011,640304,'TEPIAN BUAH',0),(6403042012,640304,'BATU RAJANG',0),(6403042013,640304,'SIDUUNG INDAH',0),(6403051003,640305,'SUNGAI BEDUNGUN',0),(6403051004,640305,'TANJUNG REDEB',0),(6403051005,640305,'BUGIS',0),(6403051006,640305,'GAYAM',0),(6403051007,640305,'KARANG AMBUN',0),(6403051008,640305,'GUNUNG PANJANG',0),(6403061003,640306,'GUNUNG TABUR',0),(6403062001,640306,'TASUK',0),(6403062002,640306,'BIRANG',0),(6403062004,640306,'MALUANG',0),(6403062005,640306,'SAMBURAKAT',0),(6403062006,640306,'SAMBAKUNGAN',0),(6403062007,640306,'MERANCANG ULU',0),(6403062008,640306,'MERANCANG ILIR',0),(6403062009,640306,'PULAU BESING',0),(6403062010,640306,'MELATI JAYA',0),(6403062011,640306,'BATU-BATU',0),(6403072001,640307,'PEGAT BATUMBUK',0),(6403072002,640307,'TELUK SEMANTING',0),(6403072003,640307,'TANJUNG BATU',0),(6403072004,640307,'PULAU DERAWAN',0),(6403072009,640307,'KASAI',0),(6403082001,640308,'BIDUK-BIDUK',0),(6403082002,640308,'PANTAI HARAPAN',0),(6403082003,640308,'TANJUNG PREPAT',0),(6403082004,640308,'TELUK SUMBANG',0),(6403082008,640308,'TELUK SULAIMAN',0),(6403082009,640308,'GIRING-GIRING',0),(6403091002,640309,'TELUK BAYUR',0),(6403091003,640309,'RINDING',0),(6403092001,640309,'TUMBIT MELAYU',0),(6403092004,640309,'LABANAN JAYA',0),(6403092005,640309,'LABANAN MAKMUR',0),(6403092006,640309,'LABANAN MAKARTI',0),(6403102002,640310,'TABALAR MUARA',0),(6403102003,640310,'TUBAAN',0),(6403102004,640310,'TABALAR ULU',0),(6403102005,640310,'SEMURUT',0),(6403102006,640310,'BUYUNG-BUYUNG',0),(6403102007,640310,'HARAPAN MAJU',0),(6403112001,640311,'BOHE SILIAN',0),(6403112002,640311,'PAYUNG-PAYUNG',0),(6403112003,640311,'TELUK ALULU',0),(6403112004,640311,'TELUK HARAPAN',0),(6403122001,640312,'TEMBUDAN',0),(6403122002,640312,'KAYU INDAH',0),(6403122003,640312,'BATU PUTIH',0),(6403122004,640312,'LOBANG KELATAK',0),(6403122005,640312,'AMPEN MEDANG',0),(6403122006,640312,'BALIKUKUP',0),(6403122007,640312,'SUMBER AGUNG',0),(6403132001,640313,'BIATAN ULU',0),(6403132002,640313,'BIATAN ILIR',0),(6403132003,640313,'KARANGAN',0),(6403132004,640313,'BIATAN LEMPAKE',0),(6403132005,640313,'MANUNGGAL JAYA',0),(6403132006,640313,'BIATAN BAPINANG',0),(6403132007,640313,'BIATAN BARU',0),(6403132008,640313,'BUKIT MAKMUR JAYA',0),(6407052008,640705,'LINGGANG MUARA LEBAN',0),(6407052009,640705,'LONG IRAM SEBERANG',0),(6407052010,640705,'LONG IRAM ILIR',0),(6407052011,640705,'ANAH',0),(6407052015,640705,'LONG DALIQ',0),(6407052016,640705,'LONG IRAM KOTA',0),(6407052017,640705,'LONG IRAM BAYAN',0),(6407052018,640705,'KELIWAI',0),(6407052019,640705,'UJOH HALANG',0),(6407052021,640705,'KELIAN LUAR',0),(6407052022,640705,'SUKOMULYO',0),(6407061006,640706,'MELAK ILIR',0),(6407061011,640706,'MELAK ULU',0),(6407062001,640706,'EMPAS',0),(6407062002,640706,'EMPAKUQ',0),(6407062003,640706,'MUARA BUNYUT',0),(6407062012,640706,'MUARA BENANGAQ',0),(6407071001,640707,'BARONG TONGKOK',0),(6407071021,640707,'SIMPANG RAYA',0),(6407072002,640707,'MENCIMAI',0),(6407072003,640707,'ENGKUNI PASEK',0),(6407072004,640707,'PEPAS EHENG',0),(6407072006,640707,'JUHAN ASA',0),(6407072007,640707,'ASA',0),(6407072008,640707,'PEPES ASA',0),(6407072009,640707,'MUARA ASA',0),(6407072010,640707,'ONGKO ASA',0),(6407072011,640707,'JUAQ ASA',0),(6407072012,640707,'OMBAU ASA',0),(6407072013,640707,'NGENYAN ASA',0),(6407072014,640707,'GEMUHAN ASA',0),(6407072015,640707,'GELEO BARU',0),(6407072016,640707,'GELEO ASA',0),(6407072017,640707,'REJO BASUKI',0),(6407072018,640707,'SUMBER SARI',0),(6407072019,640707,'SENDAWAR',0),(6407072020,640707,'BALOK ASA',0),(6407072022,640707,'BELEMPUNG ULAQ',0),(6407082001,640708,'BESIQ',0),(6407082002,640708,'BERMAI',0),(6407082003,640708,'MUARA NILIQ',0),(6407082004,640708,'MANTAR',0),(6407082005,640708,'MUARA BOMBOY',0),(6407082006,640708,'DAMAI SEBERANG',0),(6407082007,640708,'MENDIKA',0),(6407082008,640708,'DAMAI KOTA',0),(6407082009,640708,'LUMPAT DAHUQ',0),(6407082010,640708,'MUARA TOKONG',0),(6407082011,640708,'JENGAN DANUM',0),(6407082012,640708,'KEAY',0),(6407082013,640708,'TAPULANG',0),(6407082014,640708,'BENUNG',0),(6407082020,640708,'MUARA NYAHING',0),(6407082021,640708,'SEMPATN',0),(6407082022,640708,'KELIAN',0),(6407092001,640709,'MUARA BEGAI',0),(6407092002,640709,'LOTAQ',0),(6407092003,640709,'PAYANG',0),(6407092004,640709,'DINGIN',0),(6407092005,640709,'MUARA LAWA',0),(6407092006,640709,'LAMBING',0),(6407092007,640709,'BENGGERIS',0),(6407092008,640709,'CEMPEDES',0),(6407102015,640710,'JERANG DAYAK',0),(6407102016,640710,'MENDUNG',0),(6407102017,640710,'JERANG MELAYU',0),(6407102018,640710,'DASAQ',0),(6407102020,640710,'TEPIAN ULAQ',0),(6407102021,640710,'SEBELANG',0),(6407102022,640710,'MUARA BAROH',0),(6407102023,640710,'TELUK TEMPUDAU',0),(6407102024,640710,'TANJUNG LAONG',0),(6407102025,640710,'TANJUNG PAGAR',0),(6407102029,640710,'GUNUNG BAYAN',0),(6407102030,640710,'MUARA BELOAN',0),(6407112001,640711,'PENTAT',0),(6407112002,640711,'LEMBONAH',0),(6407112003,640711,'MUARA NAYAN',0),(6407112004,640711,'MANCONG',0),(6407112005,640711,'PERIGIQ',0),(6407112006,640711,'MUARA OHONG',0),(6407112007,640711,'TANJUNG JONE',0),(6407112008,640711,'TANJUNG ISUY',0),(6407112009,640711,'TANJUNG JAN',0),(6407112010,640711,'PULAU LANTING',0),(6407112011,640711,'MUARA TAE',0),(6407112012,640711,'BEKOKONG MAKMUR',0),(6407122001,640712,'GERUNGUNG',0),(6407122002,640712,'PERENG TALIQ',0),(6407122003,640712,'TANJUNG SOKE',0),(6407122004,640712,'DERAYA',0),(6407122005,640712,'LEMPER',0),(6407122006,640712,'MUARA SIRAM',0),(6407122007,640712,'RESAK',0),(6407122008,640712,'JAMBUK',0),(6407122009,640712,'MUARA GUSIK',0),(6407122010,640712,'PENAWAI',0),(6407122011,640712,'MUARA KEDANG',0),(6407122012,640712,'JAMBUK MAKMUR',0),(6407122014,640712,'SIRAM MAKMUR',0),(6407122015,640712,'SIRAM JAYA',0),(6407122016,640712,'BUKIT HARAPAN',0),(6407122019,640712,'TANJUNG SARI',0),(6407132001,640713,'LOA DERAS',0),(6407132002,640713,'MINTA',0),(6407132003,640713,'TANJUNG HAUR',0),(6407132004,640713,'PENYINGGAHAN ILIR',0),(6407132005,640713,'PENYINGGAHAN ULU',0),(6407132006,640713,'BAKUNG',0),(6407142001,640714,'RANDA EMPAS',0),(6407142002,640714,'TUKUQ',0),(6407142003,640714,'TENDE',0),(6407142004,640714,'SAMBUNG',0),(6407142005,640714,'ANAN JAYA',0),(6407142006,640714,'JELMU SIBAK',0),(6407142007,640714,'SUAKONG',0),(6407142008,640714,'PENARUNG',0),(6407142009,640714,'DILANG PUTI',0),(6407152001,640715,'LINGGANG MELAPEH BARU',0),(6407152002,640715,'LINGGANG BIGUNG BARU',0),(6407152003,640715,'LINGGANG TUTUNG',0),(6407152004,640715,'LINGGANG MELAPEH',0),(6407152005,640715,'LINGGANG MAPAN',0),(6407152006,640715,'LINGGANG BIGUNG',0),(6407152007,640715,'LINGGANG AMER',0),(6407152008,640715,'LINGGANG BANGUNSARI',0),(6407152009,640715,'LINGGANG PURWODADI',0),(6407152010,640715,'LINGGANG MENCELEW',0),(6407152011,640715,'LINGGANG KEBUT',0),(6407162001,640716,'DEMPAR',0),(6407162002,640716,'TEMULA',0),(6407162003,640716,'JONTAI',0),(6407162004,640716,'SEMBUAN',0),(6407162005,640716,'INTU LINGAU',0),(6407162006,640716,'MU\'UT',0),(6407162007,640716,'TERAJUK',0),(6407162008,640716,'LAKAN BILEM',0),(6407162009,640716,'SENTALAR',0),(6407162010,640716,'AWAI',0),(6407172001,640717,'TEBISAQ',0),(6407172002,640717,'KALIQ',0),(6407172003,640717,'TANAH MEA',0),(6407172004,640717,'SANG-SANG',0),(6407172005,640717,'MUHUR',0),(6407172006,640717,'MUARA KELAWIT',0),(6407172007,640717,'BENTAS',0),(6407172008,640717,'BETUNG',0),(6407172009,640717,'KIAQ',0),(6407172010,640717,'TENDIQ',0),(6407172011,640717,'PENAWANG',0),(6407172012,640717,'LENDIAN LIANG NAYUQ',0),(6407172013,640717,'KENYANYAN',0),(6407172014,640717,'RIKONG',0),(6407172015,640717,'KENDISIQ',0),(6407172016,640717,'MUARA PONAQ',0),(6407182001,640718,'SAKAQ LOTOQ',0),(6407182002,640718,'SAKAQ TADA',0),(6407182003,640718,'GEMURUH',0),(6407182004,640718,'KARANGAN',0),(6407182005,640718,'MERAYAQ',0),(6407182006,640718,'LINGGANG MARIMUN',0),(6407182007,640718,'KELUMPANG',0),(6407182008,640718,'GADUR',0),(6407182009,640718,'LINGGANG MUARA BATUQ',0),(6407182010,640718,'MUARA JAWAQ',0),(6407182011,640718,'ABIT',0),(6407182012,640718,'REMBAYAN',0),(6407182014,640718,'GUNUNG RAMPAH',0),(6407182015,640718,'JENGAN',0),(6407182016,640718,'MUARA KALAQ',0),(6407182017,640718,'TONDOH',0),(6407192001,640719,'TERING BARU',0),(6407192002,640719,'TERING LAMA',0),(6407192003,640719,'LINGGANG TERING SEBERANG',0),(6407192004,640719,'TUKUL',0),(6407192005,640719,'LINGGANG KELUBAQ',0),(6407192006,640719,'LINGGANG PURWOREJO',0),(6407192007,640719,'LINGGANG JELEMUQ',0),(6407192008,640719,'KELIAN DALAM',0),(6407192009,640719,'LINGGANG MUARA MUJAN',0),(6407192010,640719,'MUYUB ULU',0),(6407192011,640719,'MUYUB AKET',0),(6407192013,640719,'LINGGANG MUYUB ILIR',0),(6407192014,640719,'GABUNG BARU',0),(6407192015,640719,'LINGGANG BANJAREJO',0),(6407192016,640719,'TERING LAMA ULU',0),(6407202001,640720,'SEKOLAQ JOLEQ',0),(6407202002,640720,'SEKOLAQ MULIAQ',0),(6407202003,640720,'SEKOLAQ ODAY',0),(6407202004,640720,'SRIMULYO',0),(6407202005,640720,'SEMBER BANGUN',0),(6407202006,640720,'SUMBER REJO',0),(6407202007,640720,'SEKOLAQ DARAT',0),(6407202008,640720,'LELENG',0),(6408012001,640801,'SENYIUR',0),(6408012002,640801,'KELINJAU ILIR',0),(6408012003,640801,'KELINJAU ULU',0),(6408012004,640801,'LONG NAH',0),(6408012006,640801,'LONG TESAK',0),(6408012009,640801,'GEMAR BARU',0),(6408012012,640801,'LONG POQ BARU',0),(6408012013,640801,'MUARA DUN',0),(6408012014,640801,'TELUK BARU',0),(6408022001,640802,'JAK LUAY',0),(6408022002,640802,'NEHES LIAH BING',0),(6408022003,640802,'MUARA WAHAU',0),(6408022004,640802,'DABEQ',0),(6408022005,640802,'DIAQ LAY',0),(6408022006,640802,'BENHES',0),(6408022007,640802,'WANASARI',0),(6408022008,640802,'WAHAU BARU',0),(6408022009,640802,'KARYA BHAKTI',0),(6408022010,640802,'LONG WEHEA',0),(6408032001,640803,'SENAMBAH',0),(6408032002,640803,'NGAYAU',0),(6408032003,640803,'MUARA BENGKAL ILIR',0),(6408032004,640803,'MUARA BENGKAL ULU',0),(6408032005,640803,'BENUA BARU',0),(6408032013,640803,'MULUPAN',0),(6408032014,640803,'BATU BALAI',0),(6408041010,640804,'TELUK LINGGA',0),(6408042001,640804,'SANGATTA UTARA',0),(6408042011,640804,'SINGA GEMBARA',0),(6408042012,640804,'SWARGA BARA',0),(6408052001,640805,'KERAYAAN',0),(6408052002,640805,'TANJUNG MANIS',0),(6408052003,640805,'PERIDAN',0),(6408052004,640805,'SAKA',0),(6408052005,640805,'MANDU DALAM',0),(6408052006,640805,'BENUA BARU ILIR',0),(6408052011,640805,'SEMPAYAU',0),(6408052012,640805,'PELAWAN',0),(6408052013,640805,'TEPIAN TERAP',0),(6408052015,640805,'MALOY',0),(6408052016,640805,'BENUA BARU ULU',0),(6408052017,640805,'KOLEK',0),(6408052018,640805,'PULAU MIANG',0),(6408052019,640805,'PERUPUK',0),(6408052020,640805,'MANDU PANTAI SEJAHTERA',0),(6408062001,640806,'LONG BENTUQ',0),(6408062002,640806,'LONG PEJENG',0),(6408062003,640806,'LONG LEES',0),(6408062004,640806,'MEKAR BARU',0),(6408062005,640806,'RANTAU SENTOSA',0),(6408062006,640806,'LONG NYELONG',0),(6408072001,640807,'MARAH HALOQ',0),(6408072002,640807,'LUNG MELAH',0),(6408072003,640807,'JUK AYAQ',0),(6408072004,640807,'LONG SEGAR',0),(6408072005,640807,'LONG NORAN',0),(6408072006,640807,'MUARA PANTUN',0),(6408072007,640807,'RANTAU PANJANG',0),(6408072008,640807,'KERNYANYAN',0),(6408082001,640808,'MAKMUR JAYA',0),(6408082002,640808,'MARGA MULYA',0),(6408082003,640808,'SUKAMAJU',0),(6408082004,640808,'SIDOMULYO',0),(6408082005,640808,'SRI PANTUN',0),(6408082006,640808,'KOMBENG INDAH',0),(6408082007,640808,'MIAU BARU',0),(6408092001,640809,'SEPASO',0),(6408092002,640809,'SEKERAT',0),(6408092003,640809,'KERAITAN',0),(6408092004,640809,'TEPIAN LANGSAT',0),(6408092005,640809,'TEBANGAN LEMBAK',0),(6408092006,640809,'SEPASO TIMUR',0),(6408092007,640809,'SEPASO SELATAN',0),(6408092008,640809,'MUARA BENGALON',0),(6408092009,640809,'TEPIAN BARU',0),(6408092010,640809,'TEPIAN INDAH',0),(6408092011,640809,'SEPASO BARAT',0),(6408102001,640810,'KALIORANG',0),(6408102006,640810,'BUKIT MAKMUR',0),(6408102007,640810,'BUKIT HARAPAN',0),(6408102008,640810,'CITRA MANUNGGAL JAYA',0),(6408102009,640810,'BANGUN JAYA',0),(6408102010,640810,'BUMI SEJAHTERA',0),(6408102013,640810,'SELANGKAU',0),(6408112001,640811,'SANDARAN',0),(6408112002,640811,'MANUBAR',0),(6408112003,640811,'TADOAN',0),(6408112004,640811,'MARUKANGAN',0),(6408112005,640811,'SUSUK LUAR',0),(6408112006,640811,'SUSUK DALAM',0),(6408112007,640811,'TANJUNG MANGKALIAT',0),(6408112008,640811,'MANUBAR DALAM',0),(6408112009,640811,'SUSUK TENGAH',0),(6408121002,640812,'SINGA GEWEH',0),(6408122001,640812,'SANGATTA SELATAN',0),(6408122003,640812,'SANGKIMA',0),(6408122004,640812,'TELUK SINGKAMA',0),(6408132001,640813,'TELUK PANDAN',0),(6408132002,640813,'SUKA RAHMAT',0),(6408132003,640813,'SUKA DAMAI',0),(6408132004,640813,'KANDOLO',0),(6408132005,640813,'DANAU REDAN',0),(6408132006,640813,'MARTADINATA',0),(6408142001,640814,'MUKTI JAYA',0),(6408142002,640814,'PULUNG SARI',0),(6408142003,640814,'MARGO MULYO',0),(6408142004,640814,'RANTAU MAKMUR',0),(6408142005,640814,'MANUNGGAL JAYA',0),(6408142006,640814,'TANJUNG LABU',0),(6408142007,640814,'KEBON AGUNG',0),(6408142008,640814,'TEPIAN MAKMUR',0),(6408142009,640814,'MASALAP RAYA',0),(6408152001,640815,'BUMI ETAM',0),(6408152002,640815,'BUMI RAPAK',0),(6408152003,640815,'BUMI JAYA',0),(6408152004,640815,'CIPTA GRAHA',0),(6408152005,640815,'KADUNGAN JAYA',0),(6408152006,640815,'PENGADAN BARU',0),(6408152007,640815,'MATA AIR',0),(6408152008,640815,'BUKIT PERMATA',0),(6408162001,640816,'KARANGAN DALAM',0),(6408162002,640816,'BATU LEPOQ',0),(6408162003,640816,'PENGADAN',0),(6408162004,640816,'BAAY',0),(6408162005,640816,'MUKTI LESTARI',0),(6408162006,640816,'KARANGAN SEBERANG',0),(6408162007,640816,'KARANGAN HILIR',0),(6408172001,640817,'BATU TIMBAU',0),(6408172002,640817,'BENO HARAPAN',0),(6408172003,640817,'MUGI RAHAYU',0),(6408172004,640817,'MAWAI INDAH',0),(6408172005,640817,'HIMBA LESTARI',0),(6408172006,640817,'TELAGA',0),(6408172007,640817,'BATU TIMBAU ULU',0),(6408182001,640818,'SIKA MAKMUR',0),(6408182002,640818,'SEGOY MAKMUR',0),(6408182003,640818,'MUKTI UTAMA',0),(6408182004,640818,'SUMBER SARI',0),(6408182005,640818,'MELAN',0),(6408182006,640818,'TANAH ABANG',0),(6408182007,640818,'SUMBER AGUNG',0),(6409011001,640901,'TANJUNG TENGAH',0),(6409011002,640901,'SALO LOANG',0),(6409011003,640901,'PETUNG',0),(6409011004,640901,'LAWE-LAWE',0),(6409011005,640901,'PEJALA',0),(6409011006,640901,'KAMPUNG BARU',0),(6409011007,640901,'SESUMPU',0),(6409011008,640901,'SUNGAI PARIT',0),(6409011009,640901,'NIPAH-NIPAH',0),(6409011010,640901,'NENANG',0),(6409011011,640901,'PENAJAM',0),(6409011012,640901,'GUNUNG SETELENG',0),(6409011013,640901,'BULUMINUNG',0),(6409011014,640901,'SOTEK',0),(6409011015,640901,'SEPAN',0),(6409011016,640901,'RIKO',0),(6409011017,640901,'GERSIK',0),(6409011018,640901,'JENEBORA',0),(6409011019,640901,'PANTAI LANGO',0),(6409012020,640901,'GIRI MUKTI',0),(6409012021,640901,'BUKIT SUBUR',0),(6409012022,640901,'SIDOREJO',0),(6409012023,640901,'GIRI PURWA',0),(6409021003,640902,'WARU',0),(6409022001,640902,'API-API',0),(6409022002,640902,'SESULU',0),(6409022004,640902,'BANGUN MULYA',0),(6409032001,640903,'BABULU DARAT',0),(6409032002,640903,'LABANGKA',0),(6409032003,640903,'BABULU LAUT',0),(6409032004,640903,'GUNUNG INTAN',0),(6409032005,640903,'GUNUNG MAKMUR',0),(6409032006,640903,'SEBAKUNG JAYA',0),(6409032007,640903,'RAWA MULIA',0),(6409032008,640903,'SRI RAHARJA',0),(6409032009,640903,'SUMBER SARI',0),(6409032010,640903,'RINTIK',0),(6409032011,640903,'GUNUNG MULIA',0),(6409032012,640903,'LABANGKA BARAT',0),(6409041005,640904,'SEPAKU',0),(6409041006,640904,'PEMALUAN',0),(6409041007,640904,'MARIDAN',0),(6409041008,640904,'MENTAWIR',0),(6409042001,640904,'TENGIN BARU',0),(6409042002,640904,'BUKIT RAYA',0),(6409042003,640904,'SUKA RAJA',0),(6409042004,640904,'BUMI HARAPAN',0),(6409042009,640904,'ARGO MULYO',0),(6409042010,640904,'SEMOI DUA',0),(6409042011,640904,'SUKO MULYO',0),(6409042012,640904,'WONO SARI',0),(6409042013,640904,'KARANG JINAWI',0),(6409042014,640904,'BINUANG',0),(6409042015,640904,'TELEMOW',0),(6411012001,641101,'LONG HURAI',0),(6411012002,641101,'LONG MELAHAM',0),(6411012003,641101,'MEMAHAK BESAR',0),(6411012004,641101,'MEMAHAK ULU',0),(6411012005,641101,'BATU MAJANG',0),(6411012006,641101,'UJOH BILANG',0),(6411012007,641101,'LONG BAGUN ILIR',0),(6411012008,641101,'LONG BAGUN ULU',0),(6411012009,641101,'BATOQ KELO',0),(6411012010,641101,'LONG MERAH',0),(6411012011,641101,'RUKUN DAMAI',0),(6411022001,641102,'LONG HUBUNG',0),(6411022002,641102,'MEMAHAK TEBOQ',0),(6411022003,641102,'LUTAN',0),(6411022004,641102,'MATALIBAQ',0),(6411022005,641102,'DATAH BILANG ILIR',0),(6411022006,641102,'DATAH BILANG ULU',0),(6411022007,641102,'TRI PARIQ MAKMUR',0),(6411022008,641102,'WANA PARIQ',0),(6411022009,641102,'DATAH BILANG BARU',0),(6411022010,641102,'SIRAU',0),(6411022011,641102,'LONG HUBUNG ULU',0),(6411032001,641103,'LAHAM',0),(6411032002,641103,'LONG GELAWANG',0),(6411032003,641103,'MUARA RATAH',0),(6411032004,641103,'DANUM PAROY',0),(6411032005,641103,'NYARIBUNGAN',0),(6411042001,641104,'LONG PENANEH I',0),(6411042002,641104,'LONG KERIOQ',0),(6411042003,641104,'LONG PENANEH II',0),(6411042004,641104,'TIONG OHANG',0),(6411042005,641104,'LONG PENANEH III',0),(6411042006,641104,'TIONG BU\'U',0),(6411042007,641104,'NAHA BUAN',0),(6411042008,641104,'NAHA TIFAB',0),(6411042009,641104,'NAHA SILAT',0),(6411042010,641104,'LONG APARI',0),(6411052001,641105,'DELANG KEROHONG',0),(6411052002,641105,'LONG PAKAQ',0),(6411052003,641105,'LONG LUNUK',0),(6411052004,641105,'LONG ISUN',0),(6411052005,641105,'NAHA ARU',0),(6411052006,641105,'DATAH NAHA',0),(6411052007,641105,'LIRUNG UBING',0),(6411052008,641105,'LONG PAHANGAI I',0),(6411052009,641105,'LONG PAHANGAI II',0),(6411052010,641105,'LONG TUYOQ',0),(6411052011,641105,'LIU MULANG',0),(6411052012,641105,'LONG PAKAQ BARU',0),(6411052013,641105,'LONG LUNUK BARU',0),(6471011001,647101,'MANGGAR',0),(6471011002,647101,'LAMARU',0),(6471011003,647101,'TERITIP',0),(6471011004,647101,'MANGGAR BARU',0),(6471021001,647102,'BARU ILIR',0),(6471021002,647102,'BARU TENGAH',0),(6471021003,647102,'BARU ULU',0),(6471021004,647102,'KARIANGAU',0),(6471021005,647102,'MARGO MULYO',0),(6471021006,647102,'MARGA SARI',0),(6471031001,647103,'BATU AMPAR',0),(6471031002,647103,'GUNUNGSAMARINDA',0),(6471031003,647103,'KARANG JOANG',0),(6471031004,647103,'MUARARAPAK',0),(6471031005,647103,'GUNUNGSAMARINDA BARU',0),(6471031006,647103,'GRAHA INDAH',0),(6471041001,647104,'GUNUNGSARI ULU',0),(6471041002,647104,'GUNUNGSARI ILIR',0),(6471041003,647104,'KARANG REJO',0),(6471041004,647104,'KARANG JATI',0),(6471041005,647104,'MEKAR SARI',0),(6471041006,647104,'SUMBER REJO',0),(6471051002,647105,'SEPINGGAN',0),(6471051006,647105,'GUNUNGBAHAGIA',0),(6471051008,647105,'SEPINGGAN BARU',0),(6471051009,647105,'SEPINGGAN RAYA',0),(6471051010,647105,'SUNGAINANGKA',0),(6471051011,647105,'DAMAI BARU',0),(6471051012,647105,'DAMAI BAHAGIA',0),(6471061001,647106,'PRAPATAN',0),(6471061002,647106,'TELAGA SARI',0),(6471061003,647106,'KLANDASAN ULU',0),(6471061004,647106,'KLANDASAN ILIR',0),(6471061005,647106,'DAMAI',0),(6472011001,647201,'RAWA MAKMUR',0),(6472011002,647201,'HANDIL BAKTI',0),(6472011003,647201,'BUKUAN',0),(6472011004,647201,'SIMPANG PASIR',0),(6472011005,647201,'BANTUAS',0),(6472021001,647202,'SUNGAI KELEDANG',0),(6472021002,647202,'BAQA',0),(6472021003,647202,'MESJID',0),(6472021009,647202,'MANGKUPALAS',0),(6472021010,647202,'TENUN SAMARINDA',0),(6472021011,647202,'GUNUNG PANJANG',0),(6472031001,647203,'TELUK LERONG ILIR',0),(6472031002,647203,'JAWA',0),(6472031004,647203,'AIR PUTIH',0),(6472031005,647203,'SIDODADI',0),(6472031006,647203,'AIR HITAM',0),(6472031007,647203,'DADI MULYA',0),(6472031008,647203,'GUNUNG KELUA',0),(6472031009,647203,'BUKIT PINANG',0),(6472041001,647204,'SELILI',0),(6472041002,647204,'SUNGAI DAMA',0),(6472041003,647204,'SIDOMULYO',0),(6472041013,647204,'SIDODAMAI',0),(6472041014,647204,'PELITA',0),(6472051002,647205,'SEMPAJA SELATAN',0),(6472051003,647205,'LEMPAKE',0),(6472051004,647205,'SUNGAI SIRING',0),(6472051010,647205,'SEMPAJA UTARA',0),(6472051011,647205,'TANAH MERAH',0),(6472051012,647205,'SEMPAJA BARAT',0),(6472051013,647205,'SEMPAJA TIMUR',0),(6472051014,647205,'BUDAYA PAMPANG',0),(6472061001,647206,'LOA BAKUNG',0),(6472061002,647206,'LOA BUAH',0),(6472061003,647206,'KARANG ASAM ULU',0),(6472061004,647206,'LOK BAHU',0),(6472061005,647206,'TELUK LERONG ULU',0),(6472061006,647206,'KARANG ASAM ILIR',0),(6472061007,647206,'KARANG ANYAR',0),(6472071001,647207,'SUNGAI KAPIH',0),(6472071002,647207,'SAMBUTAN',0),(6472071003,647207,'MAKROMAN',0),(6472071004,647207,'SINDANG SARI',0),(6472071005,647207,'PULAU ATAS',0),(6472081001,647208,'TEMINDUNG PERMAI',0),(6472081002,647208,'SUNGAI PINANG DALAM',0),(6472081003,647208,'GUNUNG LINGAI',0),(6472081004,647208,'MUGIREJO',0),(6472081005,647208,'BANDARA',0),(6472091001,647209,'KARANG MUMUS',0),(6472091002,647209,'PELABUHAN',0),(6472091003,647209,'PASAR PAGI',0),(6472091004,647209,'BUGIS',0),(6472091005,647209,'SUNGAI PINANG LUAR',0),(6472101001,647210,'SIMPANG TIGA',0),(6472101002,647210,'TANI AMAN',0),(6472101003,647210,'SENGKOTEK',0),(6472101004,647210,'HARAPAN BARU',0),(6472101005,647210,'RAPAK DALAM',0),(6474011001,647401,'BONTANG KUALA',0),(6474011002,647401,'BONTANG BARU',0),(6474011003,647401,'LOK TUAN',0),(6474011004,647401,'GUNTUNG',0),(6474011005,647401,'GUNUNG ELAI',0),(6474011006,647401,'API-API',0),(6474021001,647402,'TANJUNG LAUT',0),(6474021002,647402,'BERBAS TENGAH',0),(6474021003,647402,'BERBAS PANTAI',0),(6474021004,647402,'SATIMPO',0),(6474021005,647402,'BONTANG LESTARI',0),(6474021006,647402,'TANJUNG LAUT INDAH',0),(6474031001,647403,'BELIMBING',0),(6474031002,647403,'GUNUNG TELIHAN',0),(6474031003,647403,'KANAAN',0);
/*!40000 ALTER TABLE `desa` ENABLE KEYS */;
UNLOCK TABLES;

--
-- Table structure for table `kab`
--

DROP TABLE IF EXISTS `kab`;
/*!40101 SET @saved_cs_client     = @@character_set_client */;
/*!50503 SET character_set_client = utf8mb4 */;
CREATE TABLE `kab` (
  `id` int unsigned NOT NULL AUTO_INCREMENT,
  `province_id` int NOT NULL,
  `name` varchar(255) DEFAULT NULL,
  PRIMARY KEY (`id`)
) ENGINE=InnoDB AUTO_INCREMENT=6475 DEFAULT CHARSET=utf8mb4 COLLATE=utf8mb4_0900_ai_ci;
/*!40101 SET character_set_client = @saved_cs_client */;

--
-- Dumping data for table `kab`
--

LOCK TABLES `kab` WRITE;
/*!40000 ALTER TABLE `kab` DISABLE KEYS */;
INSERT INTO `kab` VALUES (6401,64,'Paser'),(6402,64,'Kutai Kartanegara'),(6403,64,'Berau'),(6407,64,'kutai barat'),(6408,64,'kutai timur'),(6409,64,'penajam paser utara'),(6411,64,'mahakam ulu'),(6471,64,'kota balikpapan'),(6472,64,'kota samarinda'),(6474,64,'kota bontang');
/*!40000 ALTER TABLE `kab` ENABLE KEYS */;
UNLOCK TABLES;

--
-- Table structure for table `kec`
--

DROP TABLE IF EXISTS `kec`;
/*!40101 SET @saved_cs_client     = @@character_set_client */;
/*!50503 SET character_set_client = utf8mb4 */;
CREATE TABLE `kec` (
  `id` int unsigned NOT NULL AUTO_INCREMENT,
  `regency_id` int DEFAULT NULL,
  `name` varchar(255) DEFAULT NULL,
  `target` int DEFAULT NULL,
  `lat` decimal(10,7) DEFAULT NULL,
  `long` decimal(10,7) DEFAULT NULL,
  PRIMARY KEY (`id`)
) ENGINE=InnoDB AUTO_INCREMENT=647404 DEFAULT CHARSET=utf8mb4 COLLATE=utf8mb4_0900_ai_ci;
/*!40101 SET character_set_client = @saved_cs_client */;

--
-- Dumping data for table `kec`
--

LOCK TABLES `kec` WRITE;
/*!40000 ALTER TABLE `kec` DISABLE KEYS */;
INSERT INTO `kec` VALUES (640101,6401,'batu sopang',0,-1.8267756,115.9175292),(640102,6401,'tanjung harapan',0,-2.1701950,116.5295609),(640103,6401,'paser belengkong',2500,-1.9524830,116.2115656),(640104,6401,'tanah grogot',2500,-1.9153604,116.1952569),(640105,6401,'kuaro',2500,-1.8238831,116.0851116),(640106,6401,'long ikis',2500,-1.5832402,116.2005465),(640107,6401,'muara komam',0,-1.6845941,115.8170539),(640108,6401,'long kali',2500,-1.5220000,116.3243625),(640109,6401,'batu engau',0,-2.2467304,116.1368358),(640110,6401,'muara samu',0,-2.0115329,115.9311373),(640201,6402,'muara muntai',3750,-0.3764407,116.3771051),(640202,6402,'loa kulu',7500,-0.5136586,117.0102819),(640203,6402,'loa janan',7500,-0.5997354,117.0761455),(640204,6402,'anggana',7500,-0.5669493,117.3004841),(640205,6402,'muara badak',7500,-0.3379380,117.3984477),(640206,6402,'tenggarong',7500,-0.4342390,116.9788100),(640207,6402,'sebulu',3750,-0.2404467,116.9665653),(640208,6402,'kota bangun',0,-0.3552111,116.5863635),(640209,6402,'kenohan',0,-0.0895709,116.4067678),(640210,6402,'kembang janggut',0,0.1434645,116.3670272),(640211,6402,'muara kaman',7500,-0.1370389,116.8601152),(640212,6402,'tabang',0,0.4447047,116.0754612),(640213,6402,'samboja',3750,-0.9963154,117.0939942),(640214,6402,'muara jawa',0,-0.8293862,117.2391485),(640215,6402,'sanga sanga',7500,-0.6596283,117.2421937),(640216,6402,'tenggarong seberang',3750,-0.3828656,117.1069339),(640217,6402,'marang kayu',0,-0.1073275,117.4234845),(640218,6402,'muara wis',3750,-0.3138284,116.4875515),(640219,6402,'kota bangun darat',0,-0.2662245,116.5891857),(640220,6402,'samboja barat',3750,-0.9963154,117.0939942),(640301,6403,'kelay',1250,1.5657664,117.1254122),(640302,6403,'talisayan',1250,1.6020000,118.1773926),(640303,6403,'sambaliung',2500,2.1642945,117.5072993),(640304,6403,'segah',1250,2.1222454,117.1673579),(640305,6403,'tanjung redeb',2500,2.1539725,117.4971892),(640306,6403,'gunung tabur',2500,2.1627748,117.4818320),(640307,6403,'pulau derawan',0,2.2708523,118.0782912),(640308,6403,'biduk-biduk',0,1.2565920,118.7004791),(640309,6403,'teluk bayur',1250,2.1398872,117.4211011),(640310,6403,'tabalar',0,1.6936605,117.9816902),(640311,6403,'maratua',0,2.1991122,118.5972709),(640312,6403,'batu putih',0,1.3704127,118.4339080),(640313,6403,'biatan',0,1.6461291,118.0518947),(640705,6407,'long iram',0,-0.0026451,115.6242712),(640706,6407,'melak',2500,-0.2352541,115.8157128),(640707,6407,'barong tongkok',5000,-0.2316490,115.6847110),(640708,6407,'damai',0,-0.4434667,115.6660415),(640709,6407,'muara lawa',0,-0.4662598,115.7577644),(640710,6407,'muara pahu',2500,-0.3454118,116.0221598),(640711,6407,'jempang',2500,-0.5182589,116.1190496),(640712,6407,'bongan',2500,-0.7253744,116.2696313),(640713,6407,'penyinggahan',0,-0.3875560,116.2331452),(640714,6407,'bentian besar',0,-0.7443526,115.7588074),(640715,6407,'linggang bigung',5000,-0.1464470,115.6253328),(640716,6407,'nyuatan',0,-0.3257009,115.5170618),(640717,6407,'siluq ngurai',2500,-0.6026682,115.9020390),(640718,6407,'mook manaar bulatan',0,-0.1698999,115.8688940),(640719,6407,'tering',2500,-0.0642526,115.6457455),(640720,6407,'sekolaq darat',0,-0.2838179,115.7432275),(640801,6408,'muara ancalong',2500,0.4544467,116.6492483),(640802,6408,'muara wahau',2500,1.4538321,116.7687864),(640803,6408,'muara bengkal',0,0.4300506,116.7278313),(640804,6408,'sangatta utara',5000,0.4954711,117.5440455),(640805,6408,'sangkulirang',2500,1.0720943,118.0850420),(640806,6408,'busang',0,0.7688716,116.5797355),(640807,6408,'telen',0,0.9070048,116.8838536),(640808,6408,'kombeng',2500,1.0981621,116.9071372),(640809,6408,'bengalon',2500,0.7532186,117.5822489),(640810,6408,'kaliorang',2500,0.8950518,117.8339855),(640811,6408,'sandaran',0,0.8780915,118.8687805),(640812,6408,'sangatta selatan',2500,0.4767784,117.5286014),(640813,6408,'teluk pandan',2500,0.1042984,117.3737703),(640814,6408,'rantau pulung',0,0.6677076,117.2577353),(640815,6408,'kaubun',0,1.0480860,117.8353237),(640816,6408,'karangan',0,1.3104334,117.6839085),(640817,6408,'batu ampar',0,0.6687032,116.8450560),(640818,6408,'long mesangat',0,0.5463351,116.7192252),(640901,6409,'penajam',7500,-1.3192635,116.6847910),(640902,6409,'waru',0,-1.3882793,116.6222005),(640903,6409,'babulu',2500,-1.5341540,116.4522947),(640904,6409,'sepaku',2500,-0.9015892,116.7649695),(641101,6411,'long bagun',2500,0.5334909,115.2411307),(641102,6411,'long hubung',1250,0.2627680,115.4385484),(641103,6411,'laham',1250,0.3627301,115.3972396),(641104,6411,'long apari',0,0.9178468,114.0804925),(641105,6411,'long pahangai',0,0.8548017,114.5965825),(647101,6471,'balikpapan timur',25000,-1.2224713,116.9601006),(647102,6471,'balikpapan barat',25000,-1.2298669,116.8206157),(647103,6471,'balikpapan utara',0,-1.2243550,116.8486595),(647104,6471,'balikpapan tengah',0,-1.2534383,116.8405159),(647105,6471,'balikpapan selatan',0,-1.2503263,116.8888905),(647106,6471,'balikpapan kota',25000,-1.2670121,116.8231154),(647201,6472,'palaran',22500,-0.5728258,117.1820011),(647202,6472,'samarinda seberang',22500,-0.5152019,117.1362759),(647203,6472,'samarinda ulu',22500,-0.4779808,117.1381327),(647204,6472,'samarinda ilir',22500,-0.4948639,117.1607905),(647205,6472,'samarinda utara',22500,-0.4431407,117.1652962),(647206,6472,'sungai kunjang',22500,-0.5144834,117.1068578),(647207,6472,'sambutan',22500,-0.5093805,117.1821038),(647208,6472,'sungai pinang',22500,-0.4771853,117.1705554),(647209,6472,'samarinda kota',22500,-0.5037888,117.1528615),(647210,6472,'loa janan ilir',22500,-0.5565357,117.1091974),(647401,6474,'bontang utara',2500,0.1436601,117.4877422),(647402,6474,'bontang selatan',2500,0.1202057,117.4832635),(647403,6474,'bontang barat',2500,0.1370261,117.4596170);
/*!40000 ALTER TABLE `kec` ENABLE KEYS */;
UNLOCK TABLES;

--
-- Table structure for table `provinsi`
--

DROP TABLE IF EXISTS `provinsi`;
/*!40101 SET @saved_cs_client     = @@character_set_client */;
/*!50503 SET character_set_client = utf8mb4 */;
CREATE TABLE `provinsi` (
  `id` int unsigned NOT NULL AUTO_INCREMENT,
  `name` varchar(255) NOT NULL,
  PRIMARY KEY (`id`)
) ENGINE=InnoDB AUTO_INCREMENT=95 DEFAULT CHARSET=utf8mb4 COLLATE=utf8mb4_0900_ai_ci;
/*!40101 SET character_set_client = @saved_cs_client */;

--
-- Dumping data for table `provinsi`
--

LOCK TABLES `provinsi` WRITE;
/*!40000 ALTER TABLE `provinsi` DISABLE KEYS */;
INSERT INTO `provinsi` VALUES (11,'ACEH'),(12,'SUMATERA UTARA'),(13,'SUMATERA BARAT'),(14,'RIAU'),(15,'JAMBI'),(16,'SUMATERA SELATAN'),(17,'BENGKULU'),(18,'LAMPUNG'),(19,'KEPULAUAN BANGKA BELITUNG'),(21,'KEPULAUAN RIAU'),(31,'DKI JAKARTA'),(32,'JAWA BARAT'),(33,'JAWA TENGAH'),(34,'DI YOGYAKARTA'),(35,'JAWA TIMUR'),(36,'BANTEN'),(51,'BALI'),(52,'NUSA TENGGARA BARAT'),(53,'NUSA TENGGARA TIMUR'),(61,'KALIMANTAN BARAT'),(62,'KALIMANTAN TENGAH'),(63,'KALIMANTAN SELATAN'),(64,'KALIMANTAN TIMUR'),(65,'KALIMANTAN UTARA'),(71,'SULAWESI UTARA'),(72,'SULAWESI TENGAH'),(73,'SULAWESI SELATAN'),(74,'SULAWESI TENGGARA'),(75,'GORONTALO'),(76,'SULAWESI BARAT'),(81,'MALUKU'),(82,'MALUKU UTARA'),(91,'PAPUA BARAT'),(94,'PAPUA');
/*!40000 ALTER TABLE `provinsi` ENABLE KEYS */;
UNLOCK TABLES;

--
-- Table structure for table `visit`
--

DROP TABLE IF EXISTS `visit`;
/*!40101 SET @saved_cs_client     = @@character_set_client */;
/*!50503 SET character_set_client = utf8mb4 */;
CREATE TABLE `visit` (
  `id` int NOT NULL AUTO_INCREMENT,
  `id_relawan` int DEFAULT NULL,
  `kode_relawan` int DEFAULT NULL,
  `nm_relawan` varchar(255) DEFAULT NULL,
  `sandi` varchar(255) DEFAULT NULL,
  `no_ktp` varchar(50) DEFAULT NULL,
  `no_kk` varchar(50) DEFAULT NULL,
  `jk` char(1) DEFAULT NULL,
  `tmp_lahir` varchar(255) DEFAULT NULL,
  `tgl_lahir` date DEFAULT NULL,
  `agama` varchar(50) DEFAULT NULL,
  `no_tlp` varchar(50) DEFAULT NULL,
  `email` varchar(255) DEFAULT NULL,
  `twitter` varchar(255) DEFAULT NULL,
  `instagram` varchar(255) DEFAULT NULL,
  `facebook` varchar(255) DEFAULT NULL,
  `alamat` text,
  `kd_kel` varchar(50) DEFAULT NULL,
  `kd_kec` varchar(50) DEFAULT NULL,
  `kd_kab` varchar(50) DEFAULT NULL,
  `ket` text,
  `tgl_daftar` datetime DEFAULT NULL,
  `status` int DEFAULT NULL,
  `foto_diri` varchar(255) DEFAULT NULL,
  `foto_ktp` varchar(255) DEFAULT NULL,
  `user` int DEFAULT NULL,
  `saksi` varchar(255) DEFAULT NULL,
  `duit` varchar(255) DEFAULT NULL,
  `duit_detail` varchar(255) DEFAULT NULL,
  `lat` decimal(10,7) DEFAULT NULL,
  `longitude` decimal(10,7) DEFAULT NULL,
  `ada_pilihan` varchar(50) DEFAULT NULL,
  `mau_pilih` varchar(50) DEFAULT NULL,
  PRIMARY KEY (`id`)
) ENGINE=InnoDB AUTO_INCREMENT=54 DEFAULT CHARSET=utf8mb4 COLLATE=utf8mb4_0900_ai_ci;
/*!40101 SET character_set_client = @saved_cs_client */;

--
-- Dumping data for table `visit`
--

LOCK TABLES `visit` WRITE;
/*!40000 ALTER TABLE `visit` DISABLE KEYS */;
INSERT INTO `visit` VALUES (1,20,1,'Fdfdsfdsf','213d077f7728e375e8c04c8ccf2d76be',NULL,NULL,'P',NULL,'1976-07-11',NULL,'999','anu@anu.com','','','','','6402070009','640102','6402',NULL,'2023-11-27 19:31:36',1,'999_3_1701113496.jpg','999_2_1701113496.jpg',19,NULL,NULL,NULL,NULL,NULL,NULL,NULL),(2,21,2,'Adsadsa','2b6ed73331bcdf54cea1ae7625993425',NULL,NULL,'L',NULL,'1912-12-12',NULL,'888','ini@ini.com','t','i','f','a','6405070007','6405070','6405',NULL,'2023-11-28 02:49:54',1,'_3_1701139696.jpg','_2_1701139696.jpg',19,NULL,NULL,NULL,NULL,NULL,NULL,NULL),(3,22,3,'Sasdas','a75029d9f4cf6166cd77f1f7b562eb8f',NULL,NULL,'P',NULL,'2010-11-12',NULL,'777','ana@ana.com','t1','i1','f1','a1','6403160001','6403160','6403',NULL,'2023-11-28 02:51:15',1,'_3_1701139875.jpg','_2_1701139875.jpg',19,NULL,NULL,NULL,NULL,NULL,NULL,NULL),(4,23,4,'Dsaadsa','213d077f7728e375e8c04c8ccf2d76be',NULL,NULL,'P',NULL,'1976-07-11',NULL,'111','ewqewq@d.sda','x','c','v','b','6405070007','6405070','6405',NULL,'2023-11-28 03:59:45',1,'111_3_1701143730.jpg','111_2_1701143730.jpg',19,NULL,NULL,NULL,NULL,NULL,NULL,NULL),(5,24,5,'Dasad','b7c7c95dedc82ef4f0fc4fa576844dc9',NULL,NULL,'P',NULL,'2009-09-09',NULL,'333','jdkdfj@fd.fd','','','','','6402051002','6402051','6402',NULL,'2023-11-28 05:47:11',1,'333_3_1701150431.jpg','333_2_1701150431.jpg',19,NULL,NULL,NULL,NULL,NULL,NULL,NULL),(6,25,6,'Dfsfd','1de21c84b2207973ae28134b7eb0408a',NULL,NULL,'L',NULL,'2023-11-09',NULL,'5435','sadsa','','','','','6405100006','6405100','6405',NULL,'2023-11-28 05:50:13',1,'5435_3_1701150613.jpg','5435_2_1701150613.jpg',19,NULL,NULL,NULL,NULL,NULL,NULL,NULL),(7,26,7,'Gfgfgfd','213d077f7728e375e8c04c8ccf2d76be',NULL,NULL,'L',NULL,'1976-07-11',NULL,'33143','','','','','','6402051006','6402051','6402',NULL,'2023-11-28 05:58:24',1,'33143_3_1701151104.jpg','33143_2_1701151104.jpg',19,NULL,NULL,NULL,NULL,NULL,NULL,NULL),(8,27,8,'Fdsfdfdsf','213d077f7728e375e8c04c8ccf2d76be',NULL,NULL,'L',NULL,'1976-07-11',NULL,'43414','fdfdsf','','','','','6402051006','6402051','6402',NULL,'2023-11-28 06:00:17',1,'43414_3_1701151217.jpg','43414_2_1701151217.jpg',19,NULL,NULL,NULL,NULL,NULL,NULL,NULL),(9,28,9,'Fdfsdf','df80188dce611af53be1f5c705f9b3e9',NULL,NULL,'L',NULL,'2023-11-03',NULL,'weqwe','','','','','','6405110002','6405110','6405',NULL,'2023-11-28 06:10:53',1,'weqwe_3_1701151853.jpg','weqwe_2_1701151853.jpg',19,NULL,NULL,NULL,NULL,NULL,NULL,NULL),(10,29,10,'Bvcbcbvbcv','2b6ed73331bcdf54cea1ae7625993425',NULL,NULL,'L',NULL,'1912-12-12',NULL,'5435453','','','','','','6403120008','6403120','6403',NULL,'2023-11-28 06:16:46',1,'5435453_3_1701152206.jpg','5435453_2_1701152206.jpg',19,NULL,NULL,NULL,NULL,NULL,NULL,NULL),(11,33,14,'Ge5545345','a75029d9f4cf6166cd77f1f7b562eb8f',NULL,NULL,'L',NULL,'2010-11-12',NULL,'54543545','fgdfgfd','','','','','6403170009','6403170','6403',NULL,'2023-11-28 06:48:43',1,'54543545_3_6403170009.jpg','54543545_2_6403170009.jpg',19,NULL,NULL,NULL,NULL,NULL,NULL,NULL),(12,38,19,'Fdsfdsfsd','2b6ed73331bcdf54cea1ae7625993425',NULL,NULL,'L',NULL,'1912-12-12',NULL,'34343','','','','','','6405100006','6405100','6405',NULL,'2023-11-28 07:02:41',1,'','34343_2_6405100006.jpg',19,NULL,NULL,NULL,NULL,NULL,NULL,NULL),(13,20,1,'Fdfdsfdsf','213d077f7728e375e8c04c8ccf2d76be',NULL,NULL,'P',NULL,'1976-07-11',NULL,'999','anu@anu.com','','','','','6402070009','6402070','6402',NULL,'2023-11-27 19:31:36',1,'999_3_1701113496.jpg','999_2_1701113496.jpg',19,NULL,NULL,NULL,NULL,NULL,NULL,NULL),(14,21,2,'Adsadsa','2b6ed73331bcdf54cea1ae7625993425',NULL,NULL,'L',NULL,'1912-12-12',NULL,'888','ini@ini.com','t','i','f','a','6405070007','6405070','6405',NULL,'2023-11-28 02:49:54',1,'_3_1701139696.jpg','_2_1701139696.jpg',19,NULL,NULL,NULL,NULL,NULL,NULL,NULL),(15,22,3,'Sasdas','a75029d9f4cf6166cd77f1f7b562eb8f',NULL,NULL,'P',NULL,'2010-11-12',NULL,'777','ana@ana.com','t1','i1','f1','a1','6403160001','6403160','6403',NULL,'2023-11-28 02:51:15',1,'_3_1701139875.jpg','_2_1701139875.jpg',19,NULL,NULL,NULL,NULL,NULL,NULL,NULL),(16,23,4,'Dsaadsa','213d077f7728e375e8c04c8ccf2d76be',NULL,NULL,'P',NULL,'1976-07-11',NULL,'111','ewqewq@d.sda','x','c','v','b','6405070007','6405070','6405',NULL,'2023-11-28 03:59:45',1,'111_3_1701143730.jpg','111_2_1701143730.jpg',19,NULL,NULL,NULL,NULL,NULL,NULL,NULL),(17,24,5,'Dasad','b7c7c95dedc82ef4f0fc4fa576844dc9',NULL,NULL,'P',NULL,'2009-09-09',NULL,'333','jdkdfj@fd.fd','','','','','6402051002','6402051','6402',NULL,'2023-11-28 05:47:11',1,'333_3_1701150431.jpg','333_2_1701150431.jpg',19,NULL,NULL,NULL,NULL,NULL,NULL,NULL),(18,25,6,'Dfsfd','1de21c84b2207973ae28134b7eb0408a',NULL,NULL,'L',NULL,'2023-11-09',NULL,'5435','sadsa','','','','','6405100006','6405100','6405',NULL,'2023-11-28 05:50:13',1,'5435_3_1701150613.jpg','5435_2_1701150613.jpg',19,NULL,NULL,NULL,NULL,NULL,NULL,NULL),(19,26,7,'Gfgfgfd','213d077f7728e375e8c04c8ccf2d76be',NULL,NULL,'L',NULL,'1976-07-11',NULL,'33143','','','','','','6402051006','6402051','6402',NULL,'2023-11-28 05:58:24',1,'33143_3_1701151104.jpg','33143_2_1701151104.jpg',19,NULL,NULL,NULL,NULL,NULL,NULL,NULL),(20,27,8,'Fdsfdfdsf','213d077f7728e375e8c04c8ccf2d76be',NULL,NULL,'L',NULL,'1976-07-11',NULL,'43414','fdfdsf','','','','','6402051006','6402051','6402',NULL,'2023-11-28 06:00:17',1,'43414_3_1701151217.jpg','43414_2_1701151217.jpg',19,NULL,NULL,NULL,NULL,NULL,NULL,NULL),(21,28,9,'Fdfsdf','df80188dce611af53be1f5c705f9b3e9',NULL,NULL,'L',NULL,'2023-11-03',NULL,'weqwe','','','','','','6405110002','6405110','6405',NULL,'2023-11-28 06:10:53',1,'weqwe_3_1701151853.jpg','weqwe_2_1701151853.jpg',19,NULL,NULL,NULL,NULL,NULL,NULL,NULL),(22,29,10,'Bvcbcbvbcv','2b6ed73331bcdf54cea1ae7625993425',NULL,NULL,'L',NULL,'1912-12-12',NULL,'5435453','','','','','','6403120008','6403120','6403',NULL,'2023-11-28 06:16:46',1,'5435453_3_1701152206.jpg','5435453_2_1701152206.jpg',19,NULL,NULL,NULL,NULL,NULL,NULL,NULL),(23,33,14,'Ge5545345','a75029d9f4cf6166cd77f1f7b562eb8f',NULL,NULL,'L',NULL,'2010-11-12',NULL,'54543545','fgdfgfd','','','','','6403170009','6403170','6403',NULL,'2023-11-28 06:48:43',1,'54543545_3_6403170009.jpg','54543545_2_6403170009.jpg',19,NULL,NULL,NULL,NULL,NULL,NULL,NULL),(24,38,19,'Fdsfdsfsd','2b6ed73331bcdf54cea1ae7625993425',NULL,NULL,'L',NULL,'1912-12-12',NULL,'34343','','','','','','6405100006','6405100','6405',NULL,'2023-11-28 07:02:41',1,'','34343_2_6405100006.jpg',19,NULL,NULL,NULL,NULL,NULL,NULL,NULL),(25,39,20,'Fjhskfjds','373dc039db39beb533e4f07f281089bb','4637482674832473',NULL,'P',NULL,'2023-12-27',NULL,'32132312','','','','','','6402051002','6402051','6402',NULL,'2023-12-04 00:16:45',1,'32132312_3_6402051002.jpg','32132312_2_6402051002.jpg',19,'0','Ya','sembako',NULL,NULL,NULL,NULL),(26,40,21,'Qreqreqrerw','025bf73d3f167c1293f796d0f14e6166','3143243423423423',NULL,'L',NULL,'2023-12-06',NULL,'432432424324','','','','','','6403170009','6403170','6403',NULL,'2023-12-04 00:19:05',1,'','432432424324_2_6403170009.jpg',19,'0','Tidak','uang',NULL,NULL,NULL,NULL),(27,41,22,'Fdsfdsfdsf Ffdsf','025bf73d3f167c1293f796d0f14e6166','3423423432434324',NULL,'P',NULL,'2023-12-06',NULL,'432432','','','','','','6402051008','6402051','6402',NULL,'2023-12-04 00:20:15',1,'','432432_2_6402051008.jpg',19,'0','Tidak','',NULL,NULL,NULL,NULL),(28,42,23,'Efdfsfdsf','9dc85a892a67c0b27917b6e8bf1a445d','43242432434',NULL,'L',NULL,'2023-12-30',NULL,'1231323','','','','','','6402020006','6402020','6402',NULL,'2023-12-04 00:21:06',1,'','1231323_2_6402020006.jpg',19,'1','Ya','sembako',NULL,NULL,NULL,NULL),(29,43,24,'Gfdgdgfdgf','e724f112f5cd08428c0096a109b249f3','3432434324343',NULL,'P',NULL,'2023-12-25',NULL,'4353454','','','','','','6402051008','6402051','6402',NULL,'2023-12-04 00:25:08',1,'','4353454_2_6402051008.jpg',19,'1','Tidak','',NULL,NULL,NULL,NULL),(30,44,25,'Fdfdfsdfdsfdsf','025bf73d3f167c1293f796d0f14e6166','4324343243',NULL,'P',NULL,'2023-12-06',NULL,'4324324324','','','','','','6405100007','6405100','6405',NULL,'2023-12-04 00:27:00',1,'','4324324324_2_6405100007.jpg',19,'1','Tidak','',NULL,NULL,NULL,NULL),(31,45,26,'Fdfdsffdsfss','4af35e9fbcb5677fc3cbfb96be14dba8','5435543543543543',NULL,'L',NULL,'2023-12-01',NULL,'3424','','','','','','6402051008','6402051','6402',NULL,'2023-12-04 00:27:51',1,'','3424_2_6402051008.jpg',19,'1','Tidak','',NULL,NULL,NULL,NULL),(32,46,27,'Rdsfdsfds','e724f112f5cd08428c0096a109b249f3','43423432432432',NULL,'P',NULL,'2023-12-25',NULL,'432432432','','','','','','6411040001','6411040','6411',NULL,'2023-12-04 00:38:27',1,'','432432432_2_6411040001.jpg',19,'1','Tidak','',NULL,NULL,NULL,NULL),(33,47,28,'Hdjfkfjdhf','e943bd939861e6b84a963d43dbb5f0df','74859435435',NULL,'P',NULL,'2023-12-26',NULL,'432424342','','','','','','6405100001','6405100','6405',NULL,'2023-12-04 00:59:54',1,'','432424342_2_6405100001.jpg',19,'1','Tidak','',NULL,NULL,NULL,NULL),(34,48,29,'Fdfdsfdsf','6c8ec5b6e3f41732ef120a9c5287727c','432432432',NULL,'P',NULL,'2023-12-05',NULL,'3143243243','','','','','','6405100006','6405100','6405',NULL,'2023-12-04 01:01:50',1,'','3143243243_2_6405100006.jpg',19,'1','Tidak','',NULL,NULL,NULL,NULL),(35,49,30,'Fsfdfdshfjkfs ','025bf73d3f167c1293f796d0f14e6166','45435435',NULL,'P',NULL,'2023-12-06',NULL,'5784955','','','','','','6402070001','6402070','6402',NULL,'2023-12-04 01:02:54',1,'','5784955_2_6402070001.jpg',19,'1','Tidak','',NULL,NULL,NULL,NULL),(36,50,31,'Retretretre','5d886154550be8bee11cde1a7df155c7','4325435',NULL,'L',NULL,'2023-12-13',NULL,'6546','','','','','','6402051006','6402051','6402',NULL,'2023-12-04 01:03:39',1,'','6546_2_6402051006.jpg',19,'1','Tidak','',NULL,NULL,NULL,NULL),(37,51,32,'Fghjfgkgdjgh','2a4a61714f55853097aa3aeef41e2580','54578',NULL,'L',NULL,'2023-12-20',NULL,'6565465','','','','','','6405010013','6405010','6405',NULL,'2023-12-04 01:04:39',1,'','6565465_2_6405010013.jpg',19,'1','Tidak','',NULL,NULL,NULL,NULL),(38,52,33,'Ghjhgjghgjhg','e943bd939861e6b84a963d43dbb5f0df','678678',NULL,'L',NULL,'2023-12-26',NULL,'0909099','','','','','','6405100006','6405100','6405',NULL,'2023-12-04 01:08:26',1,'','0909099_2_6405100006.jpg',19,'1','Tidak','',NULL,NULL,NULL,NULL),(39,53,34,'Gdhsjagdsajdhg','e724f112f5cd08428c0096a109b249f3','67787676876868',NULL,'L',NULL,'2023-12-25',NULL,'23213213','','','','','','6402051002','6402051','6402',NULL,'2023-12-04 01:10:23',1,'','23213213_2_6402051002.jpg',19,'1','Tidak','',NULL,NULL,NULL,NULL),(40,54,35,'Gdshajdgsdhajg','e943bd939861e6b84a963d43dbb5f0df','6786786786',NULL,'P',NULL,'2023-12-26',NULL,'we3424324','','','','','','6402070009','6402070','6402',NULL,'2023-12-04 01:20:23',1,'','we3424324_2_6402070009.jpg',19,'1','Tidak','',NULL,NULL,NULL,NULL),(41,55,36,'Dgshdjsadasd','2a4a61714f55853097aa3aeef41e2580','6767867868',NULL,'L',NULL,'2023-12-20',NULL,'656546456456','','','','','','6405010011','6405010','6405',NULL,'2023-12-04 01:22:47',1,'','656546456456_2_6405010011.jpg',19,'1','Tidak','',NULL,NULL,NULL,NULL),(42,56,37,'Siang Ini Coba','5d886154550be8bee11cde1a7df155c7','7381293872198372',NULL,'L',NULL,'2023-12-13',NULL,'829783984','dsadsd@fdsf.fd','@fdskfd','@fkdsmfs','fdsffnfds','alamammamamamamatatatattata','6403170009','6403170','6403',NULL,'2023-12-04 05:54:07',1,'829783984_3_6403170009.jpg','829783984_2_6403170009.jpg',19,'1','Ya','uang',NULL,NULL,NULL,NULL),(43,57,38,'Fjhjdkfhs','68434128cbfd568de0186a7a25410e09','re8r7987r89ewr',NULL,'L',NULL,'2023-12-19',NULL,'213213132132','','','','','','6402070001','6402070','6402',NULL,'2023-12-04 11:23:10',1,'','213213132132_2_6402070001.jpg',19,'0','Tidak','',NULL,NULL,NULL,NULL),(44,58,39,'Ewqewekwqjlew','e943bd939861e6b84a963d43dbb5f0df','21434324324',NULL,'L',NULL,'2023-12-26',NULL,'4233243243','','','','','','6402020011','6402020','6402',NULL,'2023-12-04 11:25:34',1,'','4233243243_2_6402020011.jpg',19,'0','Tidak','',NULL,NULL,NULL,NULL),(45,59,40,'Hdjfgshfjdgf','776ba968a8c65ff7caf67a25adedc324','56475847568435',NULL,'L',NULL,'2001-09-12',NULL,'324324234342','','','','','','6411010001','6411010','6411',NULL,'2023-12-04 11:39:38',1,'','324324234342_2_6411010001.jpg',19,'0','Tidak','',-0.5031649,117.1528508,NULL,NULL),(46,60,41,'Wererewrwe3','cff71c11eae0ca81865a441510774171','123213213',NULL,'L',NULL,'2023-12-21',NULL,'321343432','','','','','','6402020011','6402020','6402',NULL,'2023-12-04 12:23:06',1,'','321343432_2_6402020011.jpg',19,'0','Tidak','',NULL,NULL,NULL,NULL),(47,61,42,'Rerewrwerew','373dc039db39beb533e4f07f281089bb','312323213',NULL,'L',NULL,'2023-12-27',NULL,'32432424324324324','','','','','','6402070001','6402070','6402',NULL,'2023-12-04 12:23:42',1,'','32432424324324324_2_6402070001.jpg',19,'0','Tidak','',-0.7031649,117.1528508,NULL,NULL),(48,63,44,'Dqhjfdhfdkfhd','e724f112f5cd08428c0096a109b249f3','878re7r97ewr',NULL,'L',NULL,'2023-12-25',NULL,'e4343243','','','','','','6402070001','6402070','6402',NULL,'2023-12-04 12:25:58',1,'','e4343243_2_6402070001.jpg',19,'0','Tidak','',-0.6031649,122.1881410,NULL,NULL),(49,64,45,'Ehrkhrewjrhwejkrwe','5990e2d1e67724a2af1c3522bbf331ba','748397248472398',NULL,'L',NULL,'1998-11-12',NULL,'43243432','','','','','','6411020008','6411020','6411',NULL,'2023-12-04 15:47:25',1,'','43243432_2_6411020008.jpg',19,'1','Tidak','',NULL,NULL,'Tidak','Ya'),(50,65,46,'Fdfdsfjhdskfsd','eb0edbb1a21dadbb489d929228dcef7a','434243243',NULL,'L',NULL,'1998-12-12',NULL,'34244424324','','','','','','6405010013','6405010','6405',NULL,'2023-12-04 15:51:35',1,'','34244424324_2_6405010013.jpg',19,'0','Tidak','',NULL,NULL,'Ya','Ya'),(51,66,47,'Haris Samsuddin','dcaa18bfe5bcb5807ef1e7535e4df01f','0909090909023456',NULL,'L',NULL,'1899-12-12',NULL,'082365786543','asos@gmail.com','f','f','f','f','6404011005','6404011','6404',NULL,'2023-12-07 03:14:07',1,'082365786543_3_6404011005.jpg','082365786543_2_6404011005.jpeg',31,'1','Ya','sembako',NULL,NULL,'Ya','Ya'),(52,67,48,'Haris Samsuddin','d42b8adefaebf375c7c62777150a67c2','840500656590000',NULL,'L',NULL,'2000-05-06',NULL,'085345656467','huttuy@gmail.com','ttt','ttt','t','6','6405100006','640312','6405',NULL,'2023-12-08 06:50:30',1,'085345656467_3_6405100006.jpg','085345656467_2_6405100006.jpg',29,'1','Ya','uang',NULL,NULL,'Tidak','Ya'),(53,68,49,'Fdsdsfdsfds','ecefe46951de0d6634ceae8e47a29f47','r5453543',NULL,'P',NULL,'1990-09-09',NULL,'32432432','','','','','','6403122005','640312','6403',NULL,'2023-12-21 01:37:59',1,'32432432_3_6403122005.jpeg','32432432_2_6403122005.jpeg',19,'1','','',NULL,NULL,'Ya','Ya');
/*!40000 ALTER TABLE `visit` ENABLE KEYS */;
UNLOCK TABLES;
/*!40103 SET TIME_ZONE=@OLD_TIME_ZONE */;

/*!40101 SET SQL_MODE=@OLD_SQL_MODE */;
/*!40014 SET FOREIGN_KEY_CHECKS=@OLD_FOREIGN_KEY_CHECKS */;
/*!40014 SET UNIQUE_CHECKS=@OLD_UNIQUE_CHECKS */;
/*!40101 SET CHARACTER_SET_CLIENT=@OLD_CHARACTER_SET_CLIENT */;
/*!40101 SET CHARACTER_SET_RESULTS=@OLD_CHARACTER_SET_RESULTS */;
/*!40101 SET COLLATION_CONNECTION=@OLD_COLLATION_CONNECTION */;
/*!40111 SET SQL_NOTES=@OLD_SQL_NOTES */;

-- Dump completed on 2023-12-29 21:31:54
